Hilda Dixon,Jevevi,549-914-5892,T0N 6V3,ND
Bobby Morales,Rajohen,454-480-7683,M7H 5R1,AR
Cynthia Saunders,Temujuhi,300-293-2807,V6M 8Z5,NY
Sam Ward,Daivooh,328-636-5183,K5W 1E8,CT
Leah Garner,Mejcojew,674-436-7312,X5C 8Z9,IN
Scott Chapman,Bosuha,703-751-4952,N3G 9V1,MD
Duane Brock,Rerilup,916-603-2286,V1L 8O4,NY
Harriett Vega,Duvnabej,259-694-1848,B5M 1R5,HI
Eugene Dunn,Nuadizo,240-890-4102,B5O 3S4,TN
Lester Tucker,Utmojpig,344-684-5118,M2G 8V4,MA
Christian Malone,Hivegsa,641-533-7749,B4Y 4A3,NH
Delia Daniels,Jasuow,862-805-8858,H1A 5D5,SC
Ray Kelley,Ololuco,214-995-7364,P7I 5L6,ME
Annie Singleton,Taozti,964-667-7015,S3C 7H6,NC
Andrew Anderson,Naukrur,551-301-2468,G2C 0I4,MI
Franklin Willis,Badzazke,955-394-1592,T4T 6Y5,ID
Devin Ellis,Upvofnin,758-953-6675,S0K 8K5,OH
Luke Pierce,Damohu,459-616-9242,J2E 0L3,KY
Philip Campbell,Busasu,954-576-6785,V0O 0V9,MA
Jacob Welch,Virerik,227-398-8122,H7O 2A5,ID
Lura Vargas,Mibosduh,932-316-8408,V8V 1C7,MA
Millie Spencer,Akajusha,615-645-3209,A6I 9K4,NH
Gertrude Wood,Fikacaja,780-674-8156,C4P 8P0,ID
Antonio Hodges,Dihwogju,601-820-1719,T8J 7W3,CT
Eula Barnes,Roraduke,961-260-5033,H1N 2P4,PA
Bettie Carr,Cuzujfo,277-201-5269,S0A 0L6,KS
Maria Moreno,Cohidton,255-340-9589,S3O 4V6,IA
Ophelia Moody,Fildetzoz,612-205-5371,L2W 9X8,AK
Trevor Munoz,Getdokep,458-353-7529,H1H 1B0,IA
Walter Adkins,Sirlimuj,824-729-7873,P5I 9G0,CO
Vincent Rios,Tajbesme,700-680-2873,E9S 4I0,PA
Charles Day,Wiponod,751-816-6042,M0R 4G1,DC
Henrietta Coleman,Cejtaoj,357-444-3065,H5B 5N4,KS
Jonathan Berry,Hujurru,221-573-4835,X9X 6B0,MD
Joel McGee,Tifahoz,931-305-3543,S8H 2X2,OH
Mike Carson,Wulfuziva,247-276-1336,M3U 0A1,IA
Trevor Summers,Pahlaaka,404-923-7014,C7Z 5W1,SC
Shawn Dunn,Necibewas,929-863-6826,A7Q 1C6,OH
Cordelia Meyer,Uhivegbus,474-564-6698,K3K 4E5,WY
Mollie Blake,Veplozi,662-352-3087,R4S 5J9,NC
Rachel Weaver,Bazjibal,915-991-2572,C0Q 9C2,RI
Sean Mann,Julmusumi,311-540-2575,G9S 2A5,PA
Cody Brewer,Hamsefgat,982-636-8084,C3F 3W6,WA
Nicholas Alexander,Daruko,970-892-5902,A3J 0E1,IN
Sylvia Newton,Tazufarig,223-910-5625,E6M 0B3,OH
Francis Allen,Ohucujaf,951-706-3705,H4N 3G0,SD
Mae Rogers,Jogurep,563-963-2446,X0Q 2U5,MA
Nina Stewart,Egruvcaf,600-884-9786,B0T 4D9,NH
Katherine Ellis,Ojniihu,780-611-2532,S9N 0C2,AL
Harold Ballard,Hokhocaj,852-791-9853,H9K 2M7,IA
